id,wav_path,language,split,duration_seconds,actual_duration_s,sample_rate,channels,bit_depth,snr_db,ecapa_similarity,rms_dbfs,peak_dbfs,clipping_pct,active_ratio,devanagari_ratio,latin_ratio,emotion,style,source_speaker_name,source_title,source_channel,source_url,text,flags,flag_count
D-_0I5zTFgo_c0026_s000,extracted_wav/hindi_train/hindi_train_00073.wav,hi-IN,train,5.5,5.5,24000,1,16,19.257088637383852,0.8304958939552307,-23.660874649873325,-4.199391726130247,0.0,0.01639344262295082,0.0,1.0,neutral,formal,Manoj Bajpayee,Manoj Bajpayee NSD Days Monologue,Unknown,https://www.youtube.com/watch?v=D-_0I5zTFgo,The team at Jaguar Land Rover led by Ralph who has been the leader that I think deserves this award more than me and the team at Jaguar Land Rover.,language_mismatch_hi_label_mostly_latin;low_snr;weak_speaker_match;likely_read_or_voiceover_source;too_much_silence_or_low_activity,5
dpbp_D-_0I5zTFgo_c0006_s000,extracted_wav/hindi_train/hindi_train_00036.wav,hi-IN,train,4.659583333333333,4.659583333333333,24000,1,16,21.66333279508102,0.8472904562950134,-23.25802419083455,-1.7385278907790858,0.0,0.0967741935483871,0.08695652173913043,0.9130434782608695,concerned,conversational,Manoj Bajpayee,Manoj Bajpayee NSD Days Monologue,Unknown,https://www.youtube.com/watch?v=D-_0I5zTFgo,तो दे annoyance of some of my colleagues on that company.,language_mismatch_hi_label_mostly_latin;weak_speaker_match;likely_read_or_voiceover_source;too_much_silence_or_low_activity,4
D-_0I5zTFgo_c0022_s000,extracted_wav/hindi_train/hindi_train_00044.wav,hi-IN,train,4.3,4.3,24000,1,16,19.896071307799836,0.8570031523704529,-23.67513833160462,-3.0982664075284743,0.0,0.03496503496503497,0.0,1.0,neutral,conversational,Manoj Bajpayee,Manoj Bajpayee NSD Days Monologue,Unknown,https://www.youtube.com/watch?v=D-_0I5zTFgo,And I just had no way to say that I knew what we were going to do. So finally I...,language_mismatch_hi_label_mostly_latin;low_snr;likely_read_or_voiceover_source;too_much_silence_or_low_activity,4
D-_0I5zTFgo_c0021_s000,extracted_wav/hindi_train/hindi_train_00052.wav,hi-IN,train,5.48,5.48,24000,1,16,20.261396378423917,0.8469889760017395,-23.65739806487499,-3.7234824544652594,0.0,0.03296703296703297,0.0,1.0,concerned,formal,Manoj Bajpayee,Manoj Bajpayee NSD Days Monologue,Unknown,https://www.youtube.com/watch?v=D-_0I5zTFgo,Are we going to close down some of the plants that we have hardly using the capacity?,language_mismatch_hi_label_mostly_latin;weak_speaker_match;likely_read_or_voiceover_source;too_much_silence_or_low_activity,4
D-_0I5zTFgo_c0012_s000,extracted_wav/hindi_train/hindi_train_00059.wav,hi-IN,train,4.38,4.38,24000,1,16,20.19383794602078,0.8387997150421143,-24.37065682506649,-2.5320608272041456,0.0,0.03424657534246575,0.0,1.0,neutral,formal,Manoj Bajpayee,Manoj Bajpayee NSD Days Monologue,Unknown,https://www.youtube.com/watch?v=D-_0I5zTFgo,The experience I had with Jaguar Land Rover when we bought it.,language_mismatch_hi_label_mostly_latin;weak_speaker_match;likely_read_or_voiceover_source;too_much_silence_or_low_activity,4
dpbp_D-_0I5zTFgo_c0005_s000,extracted_wav/hindi_train/hindi_train_00066.wav,hi-IN,train,5.079,5.079,24000,1,16,21.478499070728255,0.8239643573760986,-23.543064479019762,-1.9207892174700414,0.0,0.11834319526627218,0.0,1.0,neutral,conversational,Manoj Bajpayee,Manoj Bajpayee NSD Days Monologue,Unknown,https://www.youtube.com/watch?v=D-_0I5zTFgo,Took most of my attention that was Tata Engineering which became Tata Motors.,language_mismatch_hi_label_mostly_latin;weak_speaker_match;likely_read_or_voiceover_source;too_much_silence_or_low_activity,4
dpbp_D-_0I5zTFgo_c0010_s000,extracted_wav/hindi_val/hindi_val_00001.wav,hi-IN,validation,9.79975,9.79975,24000,1,16,23.103956865160427,0.9169260263442993,-24.757316950398888,-1.7004020631968244,0.0,0.17484662576687116,0.0,1.0,neutral,conversational,Manoj Bajpayee,Manoj Bajpayee NSD Days Monologue,Unknown,https://www.youtube.com/watch?v=D-_0I5zTFgo,It it was just a life of its own. So today to share this platform with icons of the industry is something that,language_mismatch_hi_label_mostly_latin;possibly_ends_mid_sentence;likely_read_or_voiceover_source;too_much_silence_or_low_activity,4
2MAAD24kyBY_c0008_s008,extracted_wav/english_train/english_train_00063.wav,en-IN,train,29.9,29.9,24000,1,16,25.88407462656137,0.9521836638450623,-22.831845806612783,-4.767363056681439,0.0,0.41967871485943775,0.0,1.0,excited,expressive,Sadhguru,Sadhguru Motivation Monologue,Sadhguru,https://www.youtube.com/watch?v=2MAAD24kyBY,"and slowly turned around in about six hours time. Why I am saying this is, there is something here which is the source of creation. Otherwise, this cannot be throbbing with the food that you eat. It cannot become like this. There is something here which is the very source of creation. If you dip into it, you are the highest level of intelligence, you are the highest level of experience, you are the most beautiful creature on the planet. I want to say the twenty twenty five.",possibly_starts_mid_sentence;likely_read_or_voiceover_source;too_much_silence_or_low_activity,3
2MAAD24kyBY_c0007_s004,extracted_wav/english_val/english_val_00000.wav,en-IN,validation,29.9,29.9,24000,1,16,27.38406289553156,0.9661130309104919,-23.175916373472404,-5.060926234018712,0.0,0.5622489959839357,0.0,1.0,neutral,conversational,Sadhguru,Sadhguru Motivation Monologue,Sadhguru,https://www.youtube.com/watch?v=2MAAD24kyBY,"loneliness. Then the only way out is alcohol and drugs. And once you go into this, there are a whole lot of people who have had many arguments with me, they're quoting from this guy and that guy. I said you say what you want. I know what happens to you when you do certain things. One big thing is the marijuana. But it's a plant. So is datura. Why don't you have it? Everything comes from a plant or the planet. Have you found",possibly_starts_mid_sentence;possibly_ends_mid_sentence;likely_read_or_voiceover_source,3
D-_0I5zTFgo_c0032_s000,extracted_wav/hindi_train/hindi_train_00001.wav,hi-IN,train,9.3,9.3,24000,1,16,20.521417329865752,0.9090750813484192,-24.00338724260948,-1.6917018335651877,0.0,0.05806451612903226,0.0,1.0,happy,formal,Manoj Bajpayee,Manoj Bajpayee NSD Days Monologue,Unknown,https://www.youtube.com/watch?v=D-_0I5zTFgo,I accept this on your on their behalf and thank you sir for making this possible. It's a great great honor for me. Thank you.,language_mismatch_hi_label_mostly_latin;likely_read_or_voiceover_source;too_much_silence_or_low_activity,3
dpbp_D-_0I5zTFgo_c0030_s000,extracted_wav/hindi_train/hindi_train_00011.wav,hi-IN,train,7.039083333333333,7.039083333333333,24000,1,16,20.244927394180607,0.9073959589004517,-23.41372173033031,-3.02623712594233,0.0,0.042735042735042736,0.0,1.0,happy,formal,Manoj Bajpayee,Manoj Bajpayee NSD Days Monologue,Unknown,https://www.youtube.com/watch?v=D-_0I5zTFgo,"On behalf of Ralph and the team at Jaguar Land Rover who are truly the deserving recipients of this award, but.",language_mismatch_hi_label_mostly_latin;likely_read_or_voiceover_source;too_much_silence_or_low_activity,3
dpbp_D-_0I5zTFgo_c0015_s000,extracted_wav/hindi_train/hindi_train_00020.wav,hi-IN,train,6.879125,6.879125,24000,1,16,22.598133790970074,0.8768995404243469,-24.321899356812846,-2.9745642240493178,0.0,0.16593886462882096,0.0,1.0,concerned,conversational,Manoj Bajpayee,Manoj Bajpayee NSD Days Monologue,Unknown,https://www.youtube.com/watch?v=D-_0I5zTFgo,"My friends sort of distance themselves from me by saying, what are you going to do with this?",language_mismatch_hi_label_mostly_latin;likely_read_or_voiceover_source;too_much_silence_or_low_activity,3
dpbp_D-_0I5zTFgo_c0019_s000,extracted_wav/hindi_train/hindi_train_00028.wav,hi-IN,train,5.958958333333333,5.958958333333333,24000,1,16,20.662810641094488,0.8745887875556946,-22.511629095534357,-2.1204813257654913,0.0,0.07575757575757576,0.0,1.0,neutral,conversational,Manoj Bajpayee,Manoj Bajpayee NSD Days Monologue,Unknown,https://www.youtube.com/watch?v=D-_0I5zTFgo,My first meeting with the workers at Coventry and Jaguar Land Rover.,language_mismatch_hi_label_mostly_latin;likely_read_or_voiceover_source;too_much_silence_or_low_activity,3
tbnzAVRZ9Xc_c0016_s000,extracted_wav/hindi_train/hindi_train_00050.wav,hi-IN,train,9.1,9.1,24000,1,16,24.694153876729782,0.8312457799911499,-23.66852364517712,-5.948272075175459,0.0,0.3234323432343234,0.0,1.0,neutral,conversational,Zakir Khan,Zakir Khan Serious Interview,Unknown,https://www.youtube.com/watch?v=tbnzAVRZ9Xc,"In the acting business, you fail all the time early on in my career. I auditioned for a part in a Broadway musical, perfect role for me I thought, except for the fact that I can't sing.",language_mismatch_hi_label_mostly_latin;weak_speaker_match;too_much_silence_or_low_activity,3
YgmYmIvCnyM_c0006_s000,extracted_wav/hindi_train/hindi_train_00055.wav,hi-IN,train,8.6,8.6,24000,1,16,32.26566813846692,0.8469052910804749,-23.486658896715195,-4.51097946462183,0.0,0.6153846153846154,0.0,1.0,neutral,conversational,Pankaj Tripathi,Pankaj Tripathi Acting Philosophy,Unknown,https://www.youtube.com/watch?v=YgmYmIvCnyM,Right.,language_mismatch_hi_label_mostly_latin;very_short_transcript;weak_speaker_match,3
PGUdWfB8nLg_c0009_s001,extracted_wav/hindi_train/hindi_train_00068.wav,hi-IN,train,4.38,4.38,24000,1,16,26.06576174207695,0.8473379015922546,-23.71044299344951,-8.481287857627006,0.0,0.4520547945205479,0.0,1.0,neutral,conversational,Osho,Osho Hindi Discourse,Osho,https://www.youtube.com/watch?v=PGUdWfB8nLg,but you might not know that until you join student government or the debate team.,language_mismatch_hi_label_mostly_latin;possibly_starts_mid_sentence;weak_speaker_match,3
dpbp_PGUdWfB8nLg_c0005_s000,extracted_wav/hindi_train/hindi_train_00093.wav,hi-IN,train,5.278958333333334,5.278958333333334,24000,1,16,25.342657170578352,0.8443926572799683,-23.671338544209814,-8.548404342340083,0.0,0.38285714285714284,0.0,1.0,happy,conversational,Osho,Osho Hindi Discourse,Osho,https://www.youtube.com/watch?v=PGUdWfB8nLg,I got a lot of second chances and I have the opportunity to go to college and law school and follow my dreams.,language_mismatch_hi_label_mostly_latin;weak_speaker_match;too_much_silence_or_low_activity,3
dpbp_PGUdWfB8nLg_c0053_s000,extracted_wav/hindi_train/hindi_train_00099.wav,hi-IN,train,9.31925,9.31925,24000,1,16,27.13000336045907,0.8262549042701721,-22.4634292973714,-6.477184171610146,0.0,0.432258064516129,0.0,1.0,neutral,expressive,Osho,Osho Hindi Discourse,Osho,https://www.youtube.com/watch?v=PGUdWfB8nLg,"Asking for help isn't a sign of weakness, it's a sign of strength. Because it shows you have the courage to admit when you don't know something, and that then allows you to learn something new.",language_mismatch_hi_label_mostly_latin;weak_speaker_match;too_much_silence_or_low_activity,3
2MAAD24kyBY_c0005_s003,extracted_wav/english_train/english_train_00010.wav,en-IN,train,27.1,27.1,24000,1,16,28.23279980857158,0.9317651987075806,-22.776513540527894,-4.118524506132091,0.0,0.5492801771871539,0.0,1.0,neutral,conversational,Sadhguru,Sadhguru Motivation Monologue,Sadhguru,https://www.youtube.com/watch?v=2MAAD24kyBY,all the all the mediums together I think. Our video views are five point six billion. The world's population is eight point four. No no this is not all unique views. This is the number of views. Unique viewers are approximately one point six to one point seven billion. It's about quarter of the adult population. But my time is running out and I am only twenty five percent. Don't I be scared?,possibly_starts_mid_sentence;likely_read_or_voiceover_source,2
RVkqvpyrGr4_c0000_s000,extracted_wav/english_train/english_train_00017.wav,en-IN,train,25.7,25.7,24000,1,16,56.953847839201224,0.9417415857315063,-22.52799181891147,-5.927792050217132,0.0,0.735981308411215,0.0,1.0,neutral,conversational,Priyanka Chopra,Priyanka Chopra Ranveer Show,Ranveer Show,https://www.youtube.com/watch?v=RVkqvpyrGr4,with this whole journey. Hmm,possibly_starts_mid_sentence;possibly_ends_mid_sentence,2
X_wIPNnBx6w_c0001_s003,extracted_wav/english_train/english_train_00019.wav,en-IN,train,28.3,28.3,24000,1,16,66.35965952029429,0.9151407480239868,-23.05974696334369,-4.959462676513381,0.0,0.7051961823966065,1.0,0.0,neutral,conversational,Jay Shetty,Jay Shetty Solo Podcast Intro,Jay Shetty,https://www.youtube.com/watch?v=X_wIPNnBx6w,"दूसरे दिन भी नहीं। पहले हफ्ते भी शायद कोई बड़ा बदलाव नजर ना आए। लेकिन एक महीने बाद, तीन महीने बाद, छह महीने बाद, आप देखेंगे कि आपने कितना कुछ सीख लिया, कितना कुछ बना लिया, कितना कुछ हासिल कर लिया। जो लोग बड़े-बड़े काम करते हैं, वो एक दिन में नहीं करते, वो हर दिन थोड़ा-थोड़ा करते हैं, कंसिस्टेंटली, धैर्य के साथ, बिना किसी बड़े ड्रामा के, एक घंटा रोज, यही उनका राज़ होता है।",language_mismatch_en_label_has_devanagari;likely_read_or_voiceover_source,2
X_wIPNnBx6w_c0001_s021,extracted_wav/english_train/english_train_00037.wav,en-IN,train,27.9,27.9,24000,1,16,66.66156086962737,0.8784757256507874,-23.42581970111061,-5.180898332511042,0.0,0.6935483870967742,1.0,0.0,neutral,conversational,Jay Shetty,Jay Shetty Solo Podcast Intro,Jay Shetty,https://www.youtube.com/watch?v=X_wIPNnBx6w,"बस ये तय करें कि वो घंटा हर दिन होगा, रेन हो या शाइन, मंडे हो या संडे, अच्छा मूड हो या बुरा, वो घंटा होगा। और जब ये कमिटमेंट बन जाती है, तब मैजिक होना शुरू होता है। धीरे धीरे, चुपचाप, लेकिन बहुत पावरफुली। चैप्टर फोर, द कंपाउंड इफेक्ट ऑफ हैबिट। अल्बर्ट आइंस्टाइन ने कंपाउंड इंटरेस्ट को दुनिया का आठवां अजूबा कहा था।",language_mismatch_en_label_has_devanagari;likely_read_or_voiceover_source,2
dpbp_lSSpvQ1t-YQ_c0031_s002,extracted_wav/english_train/english_train_00041.wav,en-IN,train,16.519708333333334,16.519708333333334,24000,1,16,48.37558460357408,0.9300421476364136,-24.526918536485056,-4.277114462607223,0.0,0.6963636363636364,0.0,1.0,neutral,conversational,Sushant Singh Rajput,Sushant Singh Rajput College Monologue,Unknown,https://www.youtube.com/watch?v=lSSpvQ1t-YQ,"honest, you have done your work so that you're not thinking about all those insinuations, all those spontaneity that people talk about.  so you feel it was a very tricky thing for me and it happened and so I was like, you're a star, man.",possibly_starts_mid_sentence;likely_read_or_voiceover_source,2
2MAAD24kyBY_c0007_s003,extracted_wav/english_train/english_train_00046.wav,en-IN,train,29.8,29.8,24000,1,16,28.470338886893405,0.927462637424469,-23.19481077593002,-4.807380730057187,0.0,0.5438066465256798,0.0,1.0,neutral,expressive,Sadhguru,Sadhguru Motivation Monologue,Sadhguru,https://www.youtube.com/watch?v=2MAAD24kyBY,"So it's my wish that all of you should die as failures, but blissful failures. I am condemned to die a failure, but you will see I will die blissfully. I am saying New Year is a reminder of time. Time is life. Time is space also. This is the only civilization which has recognized this because time and space are not separate in its ultimate existence. Because people don't know how to handle their",possibly_ends_mid_sentence;likely_read_or_voiceover_source,2
X_wIPNnBx6w_c0001_s008,extracted_wav/english_train/english_train_00054.wav,en-IN,train,29.4,29.4,24000,1,16,58.75560357785206,0.9422698020935059,-22.835266890134257,-4.712011051257889,0.0,0.6918367346938775,1.0,0.0,neutral,conversational,Jay Shetty,Jay Shetty Solo Podcast Intro,Jay Shetty,https://www.youtube.com/watch?v=X_wIPNnBx6w,"इस एक घंटे में आप इतना कर सकते हैं जितना एक डिस्ट्रैक्टेड इंसान पूरे दिन में नहीं कर सकता। यही फोकस्ड आवर की असली ताकत है। एक सच्ची बात बताइए खुद से। कल आपने अपने फोन पर कितना समय बिताया? एक घंटा, दो घंटे, तीन घंटे। रिसर्च कहती है कि एक एवरेज इंसान रोज़ चार से छह घंटे अपने फोन पर बिताता है। सोचिए, चार से छह घंटे और उसमें से कितना समय प्रोडक्टिव था?",language_mismatch_en_label_has_devanagari;likely_read_or_voiceover_source,2
dpbp_RVkqvpyrGr4_c0002_s000,extracted_wav/english_train/english_train_00070.wav,en-IN,train,29.899833333333333,29.899833333333333,24000,1,16,49.31329850171143,0.9766273498535156,-22.585558900965218,-4.011859543602931,0.0,0.7379518072289156,0.0,1.0,neutral,conversational,Priyanka Chopra,Priyanka Chopra Ranveer Show,Ranveer Show,https://www.youtube.com/watch?v=RVkqvpyrGr4,"my generation of women changed the trajectory of the next generation of women. My co-actors, female co-actors that fought to be the face on the poster, that fought for agency in the movies that a lot of women didn't get before us, just opened the doors for the generation after us. And I think not just for women, but people, our generation and every generation will always have a prototype that will be better than us. Because we have Yeah because",possibly_starts_mid_sentence;possibly_ends_mid_sentence,2
X_wIPNnBx6w_c0004_s000,extracted_wav/english_train/english_train_00071.wav,en-IN,train,16.2,16.2,24000,1,16,62.54709099209444,0.9006015658378601,-23.826266619984203,-7.497580926535358,0.0,0.6777777777777778,1.0,0.0,concerned,authoritative,Jay Shetty,Jay Shetty Solo Podcast Intro,Jay Shetty,https://www.youtube.com/watch?v=X_wIPNnBx6w,"ये डिसीजन बहुत क्रिटिकल है। क्योंकि अगर आप गलत डायरेक्शन में दौड़ रहे हैं, तो जितनी तेज़ दौड़ोगे, उतना ज़्यादा गलत जगह पहुँचोगे। इसके लिए एक सिंपल एक्सरसाइज़ करें। एक कागज़ लें और तीन सवालों के जवाब लिखें। पहला सवाल।",language_mismatch_en_label_has_devanagari;likely_read_or_voiceover_source,2
dpbp_lSSpvQ1t-YQ_c0017_s001,extracted_wav/english_train/english_train_00075.wav,en-IN,train,27.47975,27.47975,24000,1,16,48.21911590782897,0.9206842184066772,-24.14623352576338,-4.111287505990482,0.0,0.6819672131147541,0.0,1.0,neutral,conversational,Sushant Singh Rajput,Sushant Singh Rajput College Monologue,Unknown,https://www.youtube.com/watch?v=lSSpvQ1t-YQ,"uh, so it's always the effect and then we manufacture the cause after that but not before that. So nobody knows what's gonna happen. So if this is the case, if this is the chaos, let me find a pattern in that. Let me, let me just not care about it and let me be very selfish into thinking that, okay, this is a film. I don't know the director, nobody knows the director, but I like the script, I'll do that.",possibly_starts_mid_sentence;likely_read_or_voiceover_source,2
dpbp_RVkqvpyrGr4_c0012_s000,extracted_wav/english_val/english_val_00007.wav,en-IN,validation,9.859083333333333,9.859083333333333,24000,1,16,60.09194303002835,0.9562185406684875,-22.456308668273365,-5.680116640845738,0.0,0.6737804878048781,0.0,1.0,neutral,conversational,Priyanka Chopra,Priyanka Chopra Ranveer Show,Ranveer Show,https://www.youtube.com/watch?v=RVkqvpyrGr4,what is your message for okay I'm gonna ask you what's your message generally and what's your message for girls and I'm also gonna give you a supplemental point and say that this is not the end of the podcast,possibly_starts_mid_sentence;possibly_ends_mid_sentence,2
dpbp_PGUdWfB8nLg_c0004_s000,extracted_wav/hindi_train/hindi_train_00003.wav,hi-IN,train,11.979583333333334,11.979583333333334,24000,1,16,27.476597651371307,0.9430702328681946,-24.13008469554292,-8.16615658253291,0.0,0.43609022556390975,0.0,1.0,concerned,conversational,Osho,Osho Hindi Discourse,Osho,https://www.youtube.com/watch?v=PGUdWfB8nLg,So I wasn't always as focused in school. And I did some things that I'm not proud of and I got in more trouble than I should have. And my life could have easily taken a turn for the worst.,language_mismatch_hi_label_mostly_latin;too_much_silence_or_low_activity,2
dpbp_RJj7bUflNMM_c0000_s000,extracted_wav/hindi_train/hindi_train_00004.wav,hi-IN,train,13.019875,13.019875,24000,1,16,23.2466198573416,0.9513955116271973,-23.23605234005802,-5.853629112222761,0.0,0.24249422632794457,0.0,1.0,neutral,conversational,Piyush Pandey,Piyush Pandey Advertising Interview,Unknown,https://www.youtube.com/watch?v=RJj7bUflNMM,"Some time, some time on the last bench. Most of the time on the first bench. But I felt last bench everybody has got some knowledge. Every human being has got some knowledge. A great teacher.",language_mismatch_hi_label_mostly_latin;too_much_silence_or_low_activity,2
YgmYmIvCnyM_c0003_s000,extracted_wav/hindi_train/hindi_train_00005.wav,hi-IN,train,15.68,15.68,24000,1,16,29.667046469875743,0.9601652026176453,-23.517998405152426,-3.2862195275573844,0.0,0.5517241379310345,0.0,1.0,neutral,conversational,Pankaj Tripathi,Pankaj Tripathi Acting Philosophy,Unknown,https://www.youtube.com/watch?v=YgmYmIvCnyM,"and just didn't want to play anymore, played more than one hundred test matches. wouldn't get picked for the one day team anymore, me and Rahul. because India were looking ahead for the twenty eleven World Cup by which we would have been forty years old, forty-one years old so.",language_mismatch_hi_label_mostly_latin;possibly_starts_mid_sentence,2
dpbp_tbnzAVRZ9Xc_c0036_s000,extracted_wav/hindi_train/hindi_train_00009.wav,hi-IN,train,22.9395,22.9395,24000,1,16,23.091560660194634,0.9236679077148438,-23.4404690221932,-6.979804357324689,0.0,0.2486910994764398,0.0,1.0,neutral,conversational,Zakir Khan,Zakir Khan Serious Interview,Unknown,https://www.youtube.com/watch?v=tbnzAVRZ9Xc,"What are you going to do with what you have? I am not talking about how much you have. Some of you are business majors, some of you are theologians, nurses, sociologists, some of you have money, some of you have patience, some of you have kindness, some of you have love, some of you have the gift of long suffering, whatever it is, whatever your gift is. What are you going to do with what you have?",language_mismatch_hi_label_mostly_latin;too_much_silence_or_low_activity,2
dpbp_Nr-Su0Zb6Qw_c0014_s000,extracted_wav/hindi_train/hindi_train_00012.wav,hi-IN,train,11.79475,11.79475,24000,1,16,36.89173393223896,0.9506821632385254,-24.05083991296001,-3.5195723586086873,0.0,0.628498727735369,0.6752136752136753,0.3247863247863248,angry,authoritative,Sonu Sharma,Sonu Sharma Motivational Speech,Sonu Sharma,https://www.youtube.com/watch?v=Nr-Su0Zb6Qw,"डर की। और फिर justify करने लगते हो। अभी सही time नहीं है, पैसे कम है, experience चाहिए। लेकिन सच यह है कि तुम slave हो उस डर के। अब relationship देखो।",code_mixed_text;likely_read_or_voiceover_source,2
Nr-Su0Zb6Qw_c0020_s000,extracted_wav/hindi_train/hindi_train_00021.wav,hi-IN,train,29.8,29.8,24000,1,16,36.101327584030365,0.9566481113433838,-23.617366202846867,-5.536035198038264,0.0,0.7170191339375629,0.5084033613445378,0.49159663865546216,neutral,formal,Sonu Sharma,Sonu Sharma Motivational Speech,Sonu Sharma,https://www.youtube.com/watch?v=Nr-Su0Zb6Qw,"अगली बार जब तुम्हारा mood अचानक बदले, pause करो। पूछो, यह biology है या reality। Two, habits, सही diet, नींद और exercise से तुम अपनी chemistry को balance कर सकते हो। Three, awareness। जब तुम recognize कर लेते हो कि यह emotion temporary chemical storm है, तब तुम उसको react किए बिना गुजरने दे सकते हो।",code_mixed_text;likely_read_or_voiceover_source,2
PGUdWfB8nLg_c0006_s000,extracted_wav/hindi_train/hindi_train_00022.wav,hi-IN,train,8.2,8.2,24000,1,16,24.903478349361027,0.890507698059082,-23.879818321863947,-8.308484097037107,0.0,0.40293040293040294,0.0,1.0,neutral,conversational,Osho,Osho Hindi Discourse,Osho,https://www.youtube.com/watch?v=PGUdWfB8nLg,"My wife our first lady Michelle Obama, she has a similar story. Neither of her parents had gone to college, and they didn't have a lot of money.",language_mismatch_hi_label_mostly_latin;too_much_silence_or_low_activity,2
dpbp_tbnzAVRZ9Xc_c0010_s000,extracted_wav/hindi_train/hindi_train_00026.wav,hi-IN,train,9.059875,9.059875,24000,1,16,24.81823522723678,0.8738951086997986,-22.8905259363257,-3.9657069927312305,0.0,0.3853820598006645,0.0,1.0,neutral,conversational,Zakir Khan,Zakir Khan Serious Interview,Unknown,https://www.youtube.com/watch?v=tbnzAVRZ9Xc,"Reggie Jackson struck out two thousand six hundred times in his career, the most in the history of baseball, but you don't hear about the strikeouts. People remember the home runs.",language_mismatch_hi_label_mostly_latin;too_much_silence_or_low_activity,2
Nr-Su0Zb6Qw_c0039_s002,extracted_wav/hindi_train/hindi_train_00029.wav,hi-IN,train,27.5,27.5,24000,1,16,35.57984817049921,0.960401713848114,-23.713287795369375,-5.941965384291694,0.0,0.6954148471615721,0.708185053380783,0.2918149466192171,neutral,conversational,Sonu Sharma,Sonu Sharma Motivational Speech,Sonu Sharma,https://www.youtube.com/watch?v=Nr-Su0Zb6Qw,गुलामी वाला। choice की power तुम्हें हर दिन मिलती है। सुबह उठते ही नींद के गुलाम बनोगे या discipline के master बनोगे। fail होने पर frustration में डूबोगे या lesson निकालकर आगे बढ़ोगे। rejection मिलने पर आत्मदया में रोओगे या अपने level को upgrade करोगे। हर बार 2 दरवाजे सामने होते हैं। 1 दरवाजा तुम्हें उसी पुराने emotional jail में घुसा देता है।,code_mixed_text;likely_read_or_voiceover_source,2
YyCXp_E4sMU_c0015_s003,extracted_wav/hindi_train/hindi_train_00032.wav,hi-IN,train,24.4,24.4,24000,1,16,29.99841624689681,0.9036492109298706,-22.329357167463726,-10.165142228053545,0.0,0.6777367773677737,0.0,1.0,neutral,conversational,Gaur Gopal Das,Gaur Gopal Das Hindi Session,Gaur Gopal Das,https://www.youtube.com/watch?v=YyCXp_E4sMU,All of these is what makes that little tip sustainable and seen to the world as you are now going to embark on your new journey and as you work on achieving that tip of the iceberg my prayer today is that may you never forget the unseen take inspiration from your heroes from your role models from your families from your teachers,language_mismatch_hi_label_mostly_latin;possibly_ends_mid_sentence,2
dpbp_tbnzAVRZ9Xc_c0014_s000,extracted_wav/hindi_train/hindi_train_00034.wav,hi-IN,train,6.779208333333333,6.779208333333333,24000,1,16,25.22223626698567,0.8542436361312866,-23.43573843127767,-5.571706252846608,0.0,0.37333333333333335,0.0,1.0,neutral,conversational,Zakir Khan,Zakir Khan Serious Interview,Unknown,https://www.youtube.com/watch?v=tbnzAVRZ9Xc,"You have got to take risks, and I am sure you probably heard that before, but I want to talk to you about why that's so important.",language_mismatch_hi_label_mostly_latin;too_much_silence_or_low_activity,2
Nr-Su0Zb6Qw_c0013_s004,extracted_wav/hindi_train/hindi_train_00037.wav,hi-IN,train,25.6,25.6,24000,1,16,35.237278935090075,0.9628250598907471,-24.199119031445775,-6.623121594215254,0.0,0.7291910902696366,0.7284768211920529,0.271523178807947,concerned,authoritative,Sonu Sharma,Sonu Sharma Motivational Speech,Sonu Sharma,https://www.youtube.com/watch?v=Nr-Su0Zb6Qw,"और अगर तुम्हारी strength इतनी shallow है कि तुम्हें validation चाहिए दुनिया से, तो तुम strong नहीं। बस addicted हो दूसरों की approval के। problem यह है कि तुम emotions को identity समझ बैठे हो। गुस्सा आया तो कहते हो, मैं ऐसा ही हूं। डर लगा तो कहते हो, मैं ज्यादा risk नहीं लेता। प्यार में पड़े तो कहते हो, यही मेरी जिंदगी है। लेकिन सच यह है कि तुमने खुद को कभी question ही नहीं किया।",code_mixed_text;likely_read_or_voiceover_source,2
PGUdWfB8nLg_c0002_s000,extracted_wav/hindi_train/hindi_train_00038.wav,hi-IN,train,7.9,7.9,24000,1,16,25.694012539033807,0.8727262616157532,-24.049883940955418,-8.474253039361141,0.0,0.4372623574144487,0.0,1.0,sad,conversational,Osho,Osho Hindi Discourse,Osho,https://www.youtube.com/watch?v=PGUdWfB8nLg,My father left my family when I was two years old. I was raised by a single mom who had to work and who struggled at times to pay the bills and wasn't always able to give us the things that other kids had.,language_mismatch_hi_label_mostly_latin;too_much_silence_or_low_activity,2
tbnzAVRZ9Xc_c0001_s000,extracted_wav/hindi_train/hindi_train_00042.wav,hi-IN,train,10.1,10.1,24000,1,16,26.06915935533708,0.8446080088615417,-23.632366242246242,-5.054757446559832,0.0,0.5267857142857143,0.0,1.0,neutral,conversational,Zakir Khan,Zakir Khan Serious Interview,Unknown,https://www.youtube.com/watch?v=tbnzAVRZ9Xc,"Nelson Mandela said, there is no passion to be found playing small. In settling for a life that's less than the one you capable of living.",language_mismatch_hi_label_mostly_latin;weak_speaker_match,2
xDQ9_oyK3OU_c0030_s001,extracted_wav/hindi_train/hindi_train_00043.wav,hi-IN,train,8.1,8.1,24000,1,16,46.84247716860641,0.84306800365448,-22.63701536846854,-7.185287242374856,0.0,0.725925925925926,1.0,0.0,concerned,conversational,Neelesh Misra,Neelesh Misra Story: Mohar,Neelesh Misra,https://www.youtube.com/watch?v=xDQ9_oyK3OU,"वो कहना तो शायद बहुत कुछ चाहते थे लेकिन इतना ही बोले, एक बार और कोशिश करो बेटा। यह मोहर तुम्हारे लिए ही बनी है।",weak_speaker_match;likely_read_or_voiceover_source,2
Nr-Su0Zb6Qw_c0036_s002,extracted_wav/hindi_train/hindi_train_00045.wav,hi-IN,train,29.8,29.8,24000,1,16,34.460577603485504,0.9698770046234131,-23.63677695735315,-6.127281303939394,0.0,0.7270896273917422,0.0,1.0,neutral,conversational,Sonu Sharma,Sonu Sharma Motivational Speech,Sonu Sharma,https://www.youtube.com/watch?v=Nr-Su0Zb6Qw,"Aur vahi tumhari reality ban jaati hai. Dekho, zindagi mirror hai. Tum usmein gusse wala chehra banaoge to mirror bhi gussa hi dikhaega. Lekin agar tum muskuraoge to saamne se bhi muskurahat hi lautegi. Baahar ki duniya tumhe vahi dikhaati hai jo tum andar baar-baar feel karte ho. Problem yeh hai ki log baahar badalne ki koshish karte hain. Ve sochte hain agar paisa aa jaaye to main khush ho jaunga. Agar log respect dein to main confident feel karunga.",language_mismatch_hi_label_mostly_latin;likely_read_or_voiceover_source,2
dpbp_nIZpRTRgM1U_c0124_s000,extracted_wav/hindi_train/hindi_train_00049.wav,hi-IN,train,16.479333333333333,16.479333333333333,24000,1,16,35.384921915165364,0.9379256963729858,-23.32449692341273,-6.865700428375227,0.0,0.7140255009107468,0.9212121212121213,0.07878787878787878,neutral,conversational,Neelesh Misra,Neelesh Misra Story: Gunahgaar,Neelesh Misra,https://www.youtube.com/watch?v=nIZpRTRgM1U,train धड़धड़ाते हुए उस सूने अनजाने platform से गुजरती जा रही थी। अंधेरे में डिब्बों की खिड़की से आती रोशनी देखकर ऐसा लग रहा था जैसे छोटे-छोटे घर पटरियों पर दौड़ रहे हैं। बच्चों की तरह एक कतार में हाथ बांधे।,possibly_starts_mid_sentence;likely_read_or_voiceover_source,2
dpbp_Nr-Su0Zb6Qw_c0011_s000,extracted_wav/hindi_train/hindi_train_00053.wav,hi-IN,train,25.6595,25.6595,24000,1,16,34.49734942514725,0.9685028791427612,-23.795078095165884,-5.182823716755681,0.0,0.7321637426900585,0.6958041958041958,0.3041958041958042,concerned,authoritative,Sonu Sharma,Sonu Sharma Motivational Speech,Sonu Sharma,https://www.youtube.com/watch?v=Nr-Su0Zb6Qw,"Emotion तुम्हें fire देता है। Logic तुम्हें उस fire का रास्ता दिखा सकता है। लेकिन अगर fire ही गलत दिशा में है, तो Logic सिर्फ तुम्हें तेजी से बर्बादी की तरफ ले जाएगा। तो lesson simple है। तुम्हारा दिमाग servant है, master नहीं। Master है तुम्हारा Emotion। और जब तक तुम यह मानते रहोगे कि तुम pure logical इंसान हो, तब तक तुम अपने ही illusions के गुलाम रहोगे।",code_mixed_text;likely_read_or_voiceover_source,2
dpbp_PGUdWfB8nLg_c0018_s000,extracted_wav/hindi_train/hindi_train_00054.wav,hi-IN,train,10.518708333333333,10.518708333333333,24000,1,16,22.409975906063835,0.894811749458313,-23.09482738582195,-7.7364906016753485,0.0,0.29428571428571426,0.0,1.0,concerned,formal,Osho,Osho Hindi Discourse,Osho,https://www.youtube.com/watch?v=PGUdWfB8nLg,"You'll need the insights and critical thinking skills you gain in history and social studies to fight poverty and homelessness, crime and discrimination and make our nation more fair and more free.",language_mismatch_hi_label_mostly_latin;too_much_silence_or_low_activity,2
nIZpRTRgM1U_c0093_s002,extracted_wav/hindi_train/hindi_train_00057.wav,hi-IN,train,28.9,28.9,24000,1,16,31.081842611776853,0.968393862247467,-23.341123028705553,-7.2601739380152654,0.0,0.6458982346832814,1.0,0.0,sad,expressive,Neelesh Misra,Neelesh Misra Story: Gunahgaar,Neelesh Misra,https://www.youtube.com/watch?v=nIZpRTRgM1U,"लेकिन मैं भी एक पिता था। बहुत कुछ कहना चाहता था अपनी बेटी से। उसे बताना चाहता था कि मैं यहां जेल में हर रोज उसको याद करता हूं। मैं उसको बड़ा होते देखना चाहता हूं। मैं उसे बताना चाहता हूं कि मैं बुरा आदमी नहीं हूं। मैंने उस रात से पहले कभी किसी को एक थप्पड़ तक नहीं मारा, कभी किसी का दिल नहीं दुखाया, किसी के हक पर अपना हक नहीं जताया। और और सबसे जरूरी बात के",possibly_ends_mid_sentence;likely_read_or_voiceover_source,2
Nr-Su0Zb6Qw_c0022_s002,extracted_wav/hindi_train/hindi_train_00060.wav,hi-IN,train,13.9,13.9,24000,1,16,35.77063885937053,0.9554464817047119,-24.739667025672595,-7.691392423321329,0.0,0.6997840172786177,0.7862068965517242,0.21379310344827587,neutral,conversational,Sonu Sharma,Sonu Sharma Motivational Speech,Sonu Sharma,https://www.youtube.com/watch?v=Nr-Su0Zb6Qw,"ना अच्छा ना बुरा। अच्छा बुरा सिर्फ इस बात पर depend करता है कि तुम उस emotion के साथ क्या करते हो। electricity को देखो। अगर तुम उसे सही channel में लगाओ तो रोशनी देगा, मशीनें चलाएगा।",code_mixed_text;likely_read_or_voiceover_source,2
dpbp_PGUdWfB8nLg_c0054_s000,extracted_wav/hindi_train/hindi_train_00061.wav,hi-IN,train,9.438625,9.438625,24000,1,16,25.158461022738827,0.8592180013656616,-23.409913046189374,-6.419266888200243,0.0,0.3821656050955414,0.41379310344827586,0.5862068965517241,neutral,conversational,Osho,Osho Hindi Discourse,Osho,https://www.youtube.com/watch?v=PGUdWfB8nLg,"सो find an adult that you trust. अ parent, अ grandparent और अ teacher, अ coach और अ counselor एंड ask them टू हेल्प यू स्टे ऑन ट्रैक टू मीट योर गोल्स।",code_mixed_text;too_much_silence_or_low_activity,2
dpbp_YgmYmIvCnyM_c0010_s000,extracted_wav/hindi_train/hindi_train_00062.wav,hi-IN,train,10.17975,10.17975,24000,1,16,34.78994193077775,0.8210855722427368,-22.391054982285613,-3.118739487301842,0.0,0.616519174041298,0.0,1.0,neutral,conversational,Pankaj Tripathi,Pankaj Tripathi Acting Philosophy,Unknown,https://www.youtube.com/watch?v=YgmYmIvCnyM,You felt that you know that's the right time to finish because everyone has to finish. It's always I always believe that it should be why rather than why not.,language_mismatch_hi_label_mostly_latin;weak_speaker_match,2
nIZpRTRgM1U_c0147_s000,extracted_wav/hindi_train/hindi_train_00064.wav,hi-IN,train,6.6,6.6,24000,1,16,43.378639884306764,0.8436344265937805,-21.641467081384498,-5.6643282768996865,0.0,0.7363636363636363,0.9117647058823529,0.08823529411764706,sarcastic,conversational,Neelesh Misra,Neelesh Misra Story: Gunahgaar,Neelesh Misra,https://www.youtube.com/watch?v=nIZpRTRgM1U,"मैंने उस लड़की का सारा tiffin खाली कर दिया था। उसने मेरे हाथ से डिब्बा लिया और अपने bag में रखते हुए बोली, आप जेल में बहुत दुखी थे।",weak_speaker_match;likely_read_or_voiceover_source,2
dpbp_Nr-Su0Zb6Qw_c0013_s005,extracted_wav/hindi_train/hindi_train_00067.wav,hi-IN,train,24.698625,24.698625,24000,1,16,35.07011573322996,0.96102374792099,-25.20359025368508,-7.497580926535358,0.0,0.6537059538274606,0.7715736040609137,0.22842639593908629,concerned,conversational,Sonu Sharma,Sonu Sharma Motivational Speech,Sonu Sharma,https://www.youtube.com/watch?v=Nr-Su0Zb6Qw,"सब emotions के गुलामी में locked हैं। एक छोटा सा example। मान लो, तुम business शुरू करना चाहते हो, लेकिन डर कहता है, अगर fail हो गया तो, बस तुम रुक जाते हो। यहां logic कहता है कि कोशिश करने से सीखोगे, बढ़ोगे, शायद succeed भी हो जाओ, लेकिन तुमने किसकी सुनी?",code_mixed_text;likely_read_or_voiceover_source,2
dpbp_YgmYmIvCnyM_c0008_s000,extracted_wav/hindi_train/hindi_train_00069.wav,hi-IN,train,3.15975,3.15975,24000,1,16,27.23929134595927,0.8804866671562195,-22.471143050484667,-7.939735903687048,0.0,0.41904761904761906,0.0,1.0,concerned,formal,Pankaj Tripathi,Pankaj Tripathi Acting Philosophy,Unknown,https://www.youtube.com/watch?v=YgmYmIvCnyM,Can it be construed to mean that the fire had died in you?,language_mismatch_hi_label_mostly_latin;too_much_silence_or_low_activity,2
dpbp_Nr-Su0Zb6Qw_c0008_s000,extracted_wav/hindi_train/hindi_train_00074.wav,hi-IN,train,20.139208333333332,20.139208333333332,24000,1,16,36.56436359425379,0.9448277354240417,-24.27733795516264,-5.217070500774604,0.0,0.6676602086438153,0.7079646017699115,0.2920353982300885,concerned,authoritative,Sonu Sharma,Sonu Sharma Motivational Speech,Sonu Sharma,https://www.youtube.com/watch?v=Nr-Su0Zb6Qw,"यह सवाल तुम्हें uncomfortable करेंगे। क्योंकि सच यह है कि तुम्हारे eighty percent decisions दूसरों को दिखाने के लिए होते हैं, खुद के लिए नहीं। तुम्हें job चाहिए? क्यों? पैसे और respect के लिए। respect किससे? society से। तुम्हें branded कपड़े चाहिए? क्यों? दूसरों की नजरों के लिए।",code_mixed_text;likely_read_or_voiceover_source,2
dpbp_PGUdWfB8nLg_c0029_s000,extracted_wav/hindi_train/hindi_train_00075.wav,hi-IN,train,9.1555,9.1555,24000,1,16,23.113691264181643,0.875487744808197,-24.172553439177108,-8.549113597200076,0.0,0.25901639344262295,0.0,1.0,neutral,conversational,Osho,Osho Hindi Discourse,Osho,https://www.youtube.com/watch?v=PGUdWfB8nLg,"Your goal can be something as simple as doing all your homework, paying attention in class, or spending some time each day reading a book.",language_mismatch_hi_label_mostly_latin;too_much_silence_or_low_activity,2
dpbp_YgmYmIvCnyM_c0012_s000,extracted_wav/hindi_train/hindi_train_00076.wav,hi-IN,train,5.019583333333333,5.019583333333333,24000,1,16,29.318846573771026,0.836426317691803,-23.006284594058563,-4.7101872424033004,0.0,0.5508982035928144,0.06153846153846154,0.9384615384615385,neutral,conversational,Pankaj Tripathi,Pankaj Tripathi Acting Philosophy,Unknown,https://www.youtube.com/watch?v=YgmYmIvCnyM,या दे was a little bit of push indirectly and not that anybody would come and say.,language_mismatch_hi_label_mostly_latin;weak_speaker_match,2
YyCXp_E4sMU_c0034_s000,extracted_wav/hindi_train/hindi_train_00077.wav,hi-IN,train,13.68,13.68,24000,1,16,29.426582030401125,0.8637338280677795,-22.705014938656895,-10.522672599395332,0.0,0.6578947368421053,0.0,1.0,neutral,conversational,Gaur Gopal Das,Gaur Gopal Das Hindi Session,Gaur Gopal Das,https://www.youtube.com/watch?v=YyCXp_E4sMU,but do not forget to enjoy the journey. because the journey to the destination is very long. and I have seen a lot of times that we become destination addicts and forget to enjoy. How many of you had a great time at DIS?,language_mismatch_hi_label_mostly_latin;possibly_starts_mid_sentence,2
dpbp_xDQ9_oyK3OU_c0018_s000,extracted_wav/hindi_train/hindi_train_00079.wav,hi-IN,train,13.895958333333333,13.895958333333333,24000,1,16,34.852328712093446,0.9498944878578186,-22.086683941337412,-7.83588521043192,0.0,0.6954643628509719,0.0,1.0,sad,expressive,Neelesh Misra,Neelesh Misra Story: Mohar,Neelesh Misra,https://www.youtube.com/watch?v=xDQ9_oyK3OU,"From that day onwards, my relationship with Paro had changed. I had stopped peeking at her from the rooftop ledge. She too had reduced her occasional visits to my house, bringing sweets made by her mother's hand.",language_mismatch_hi_label_mostly_latin;likely_read_or_voiceover_source,2
Nr-Su0Zb6Qw_c0005_s000,extracted_wav/hindi_train/hindi_train_00080.wav,hi-IN,train,25.2,25.2,24000,1,16,36.82842754179258,0.9414548277854919,-22.954232477785208,-5.874456096516334,0.0,0.669047619047619,0.6872586872586872,0.3127413127413127,neutral,conversational,Sonu Sharma,Sonu Sharma Motivational Speech,Sonu Sharma,https://www.youtube.com/watch?v=Nr-Su0Zb6Qw,"वह बहुत caring है, intelligent है, मेरे लिए perfect है। लेकिन अगर कल वही इंसान तुम्हें ignore कर दे, तो वही दिमाग बोलेगा, वह arrogant है, मेरे लायक नहीं। मतलब logic बदलता है, emotion नहीं। problem यह है कि society तुम्हें सिखाती है, सोच समझ कर decision लो, लेकिन तुम्हारे सारे decisions पहले ही हो चुके होते हैं, सोच समझ कर नहीं।",code_mixed_text;likely_read_or_voiceover_source,2
dpbp_PGUdWfB8nLg_c0057_s000,extracted_wav/hindi_train/hindi_train_00081.wav,hi-IN,train,9.85925,9.85925,24000,1,16,22.718200081752286,0.8747740983963013,-23.79551823355575,-7.807184437541674,0.0,0.21951219512195122,0.0,1.0,neutral,conversational,Osho,Osho Hindi Discourse,Osho,https://www.youtube.com/watch?v=PGUdWfB8nLg,"The story of America isn't about people who quit when things got tough. It's about people who kept going, who tried harder, who loved their country too much to do anything less than their best.",language_mismatch_hi_label_mostly_latin;too_much_silence_or_low_activity,2
dpbp_YgmYmIvCnyM_c0002_s000,extracted_wav/hindi_train/hindi_train_00082.wav,hi-IN,train,6.319875,6.319875,24000,1,16,30.714030341936365,0.8216286301612854,-23.545831328472836,-6.1946287371324775,0.0,0.6,0.047619047619047616,0.9523809523809523,neutral,conversational,Pankaj Tripathi,Pankaj Tripathi Acting Philosophy,Unknown,https://www.youtube.com/watch?v=YgmYmIvCnyM,Ya but I think I think everything has to come to an end I was thirty-seven then. I was thirty-seven and नहीं.,language_mismatch_hi_label_mostly_latin;weak_speaker_match,2
Nr-Su0Zb6Qw_c0039_s000,extracted_wav/hindi_train/hindi_train_00086.wav,hi-IN,train,29.0,29.0,24000,1,16,34.23175774281459,0.964962363243103,-23.824453516966912,-5.563151947845183,0.0,0.7194616977225673,0.7728813559322034,0.2271186440677966,neutral,conversational,Sonu Sharma,Sonu Sharma Motivational Speech,Sonu Sharma,https://www.youtube.com/watch?v=Nr-Su0Zb6Qw,"ज़िंदगी आखिरकार 1 ही जगह आकर खड़ी होती है। Choice, तुम्हारे पास हर वक्त 2 option होते हैं। या तो तुम अपने emotions के गुलाम बनकर उनके remote control पर नाचते रहो, या फिर psychology समझकर उसी energy को हथियार बना लो। सोचो ज़रा, आज तुम गुस्से में हो। Option 1 ये है कि तुम वही करो जो बाकी सब करते हैं। किसी पर चिल्ला दो, mobile पटक दो, या खुद को ही परेशान कर लो। लेकिन दूसरा option भी है।",code_mixed_text;likely_read_or_voiceover_source,2
dpbp_YgmYmIvCnyM_c0009_s000,extracted_wav/hindi_train/hindi_train_00088.wav,hi-IN,train,6.859583333333333,6.859583333333333,24000,1,16,30.359222802308302,0.824069082736969,-23.08207717857426,-5.028707099574793,0.0,0.5043859649122807,0.0,1.0,neutral,conversational,Pankaj Tripathi,Pankaj Tripathi Acting Philosophy,Unknown,https://www.youtube.com/watch?v=YgmYmIvCnyM,I don't think the fire of playing for the country and scoring runs year after year dies.,language_mismatch_hi_label_mostly_latin;weak_speaker_match,2
dpbp_YgmYmIvCnyM_c0015_s000,extracted_wav/hindi_train/hindi_train_00094.wav,hi-IN,train,6.938958333333333,6.938958333333333,24000,1,16,25.91313484235009,0.8598706126213074,-23.05158428238597,-3.2299051117601643,0.0,0.36363636363636365,0.015384615384615385,0.9846153846153847,neutral,conversational,Pankaj Tripathi,Pankaj Tripathi Acting Philosophy,Unknown,https://www.youtube.com/watch?v=YgmYmIvCnyM,"मी Rahul, Sachin and Virat, these are the four players who probably have gone on to play one hundred test matches and three hundred One Day International games.",language_mismatch_hi_label_mostly_latin;too_much_silence_or_low_activity,2
Nr-Su0Zb6Qw_c0038_s000,extracted_wav/hindi_train/hindi_train_00098.wav,hi-IN,train,29.6,29.6,24000,1,16,34.163193229814,0.9624605774879456,-23.469083397758293,-6.019009624976736,0.0,0.7109533468559838,0.7888198757763976,0.2111801242236025,neutral,conversational,Sonu Sharma,Sonu Sharma Motivational Speech,Sonu Sharma,https://www.youtube.com/watch?v=Nr-Su0Zb6Qw,"जैसे ही तुम अंदर pattern बदलते हो, दुनिया भी नया reflection दिखाने लगती है। क्योंकि mirror के पास अपना कोई power नहीं। mirror तो वही लौट आएगा जो तुम उसके सामने रखोगे। तो अगली बार जब तुम अपनी जिंदगी को देखो और complain करने का मन करे, तो बाहर blame मत करो, mirror मत तोड़ो। बस यह पूछो, मैं अंदर क्या बार-बार feel कर रहा हूं जो बाहर बार-बार repeat हो रहा है। जैसे ही तुम यह समझ लेते हो, तुम्हारे पास power आ जाती है।",code_mixed_text;likely_read_or_voiceover_source,2
YyCXp_E4sMU_c0016_s001,extracted_wav/hindi_train/hindi_train_00100.wav,hi-IN,train,11.76,11.76,24000,1,16,31.417337070373208,0.8335469365119934,-21.488071187469053,-6.888518783479897,0.0,0.6096938775510204,0.0,1.0,neutral,formal,Gaur Gopal Das,Gaur Gopal Das Hindi Session,Gaur Gopal Das,https://www.youtube.com/watch?v=YyCXp_E4sMU,"To become an overnight success. And therefore, and therefore, here is the first principle that I want to share with all of you today. If you want to get the scene.",language_mismatch_hi_label_mostly_latin;weak_speaker_match,2
-fpXb-6ND-s_c0000_s000,extracted_wav/hindi_val/hindi_val_00000.wav,hi-IN,validation,27.7,27.7,24000,1,16,28.582028037079628,1.0,-23.150730873643024,-6.11333840222406,0.0,0.4962080173347779,0.6052631578947368,0.39473684210526316,neutral,conversational,Sansad TV Voiceover,Sansad TV Vishesh Documentary,Sansad TV,https://www.youtube.com/watch?v=-fpXb-6ND-s,"अगर आप भी अपना news channel setup करना चाह रहे हो, तो ऐसा ही होता है news channel का setup। नीचे लगा है आपका ये podium type का एक setup बना हुआ है, पीछे green chroma setup है। हां, news channel में सबसे ज्यादा important चीज होती है, क्या चीज होती है? सबसे ज्यादा important होता है कि ये device जिसे कहते हैं teleprompter। यहां पे मैं अगर कोई news पढ़ रहा हूं, तो real time पे आप इसका output देखो, कैसे होता है इसका output। ऐसे anchor देखते हैं और यहां से operate होता है teleprompter। तो ऐसा studio बनाना है। वक्त याद जरूर करिएगा।",code_mixed_text;likely_read_or_voiceover_source,2
Nr-Su0Zb6Qw_c0039_s001,extracted_wav/hindi_val/hindi_val_00002.wav,hi-IN,validation,30.0,30.0,24000,1,16,36.79324766008012,0.9837740063667297,-23.610790511232977,-5.849989518774131,0.0,0.684,0.7532467532467533,0.24675324675324675,neutral,conversational,Sonu Sharma,Sonu Sharma Motivational Speech,Sonu Sharma,https://www.youtube.com/watch?v=Nr-Su0Zb6Qw,"उस गुस्से को fuel की तरह इस्तेमाल करो। workout में डाल दो, काम में झोंक दो, किसी बड़े goal की तरफ redirect कर दो। अब फर्क देखो। 1st case में गुस्सा तुम्हें control कर रहा है, 2nd case में तुम गुस्से को control कर रहे हो। यही game है। लोग कहते हैं, मुझे गुस्सा आ गया, मैं मजबूर था। No। मजबूर तुम नहीं थे, lazy थे। क्योंकि control लेने का option हर बार तुम्हारे पास था, लेकिन तुमने easy रास्ता चुना।",code_mixed_text;likely_read_or_voiceover_source,2
RJj7bUflNMM_c0001_s000,extracted_wav/hindi_val/hindi_val_00004.wav,hi-IN,validation,10.4,10.4,24000,1,16,24.631388778787958,0.9516169428825378,-23.73516672490456,-6.409836255062597,0.0,0.29190751445086704,0.06896551724137931,0.9310344827586207,neutral,conversational,Piyush Pandey,Piyush Pandey Advertising Interview,Unknown,https://www.youtube.com/watch?v=RJj7bUflNMM,"ही इस way of teaching. ही इस way of interacting with the student, ही doesn't care whether you are the first row or the last row. For him everybody a student, for her everybody a student.",language_mismatch_hi_label_mostly_latin;too_much_silence_or_low_activity,2
dpbp_Wvwn90HyYso_c0000_s000,extracted_wav/hindi_val/hindi_val_00005.wav,hi-IN,validation,19.0795,19.0795,24000,1,16,30.178687346710905,1.0000001192092896,-24.08953362299096,-4.447938230637723,0.0,0.49763779527559054,0.0,1.0,excited,conversational,DD News Anchor,DD News Special Report Solo Anchor,DD News,https://www.youtube.com/watch?v=Wvwn90HyYso,"Do you have a hard time remembering the text for your videos? Well, I have a trick for you. Just open the detail app and press the teleprompter feature. Then just add your text and start recording. Now your talking videos are still going to look natural, but you do not have to waste your time memorizing the text anymore. You can download the app in the App Store.",language_mismatch_hi_label_mostly_latin;likely_read_or_voiceover_source,2
